-- MySQL dump 10.13  Distrib 8.0.36, for macos14 (x86_64)
--
-- Host: localhost    Database: e_commerce
-- ------------------------------------------------------
-- Server version	8.3.0

/*!40101 SET @OLD_CHARACTER_SET_CLIENT=@@CHARACTER_SET_CLIENT */;
/*!40101 SET @OLD_CHARACTER_SET_RESULTS=@@CHARACTER_SET_RESULTS */;
/*!40101 SET @OLD_COLLATION_CONNECTION=@@COLLATION_CONNECTION */;
/*!50503 SET NAMES utf8 */;
/*!40103 SET @OLD_TIME_ZONE=@@TIME_ZONE */;
/*!40103 SET TIME_ZONE='+00:00' */;
/*!40014 SET @OLD_UNIQUE_CHECKS=@@UNIQUE_CHECKS, UNIQUE_CHECKS=0 */;
/*!40014 SET @OLD_FOREIGN_KEY_CHECKS=@@FOREIGN_KEY_CHECKS, FOREIGN_KEY_CHECKS=0 */;
/*!40101 SET @OLD_SQL_MODE=@@SQL_MODE, SQL_MODE='NO_AUTO_VALUE_ON_ZERO' */;
/*!40111 SET @OLD_SQL_NOTES=@@SQL_NOTES, SQL_NOTES=0 */;

--
-- Table structure for table `category`
--

DROP TABLE IF EXISTS `category`;
/*!40101 SET @saved_cs_client     = @@character_set_client */;
/*!50503 SET character_set_client = utf8mb4 */;
CREATE TABLE `category` (
  `CAT_ID` int NOT NULL,
  `CAT_NAME` varchar(20) NOT NULL,
  PRIMARY KEY (`CAT_ID`)
) ENGINE=InnoDB DEFAULT CHARSET=utf8mb4 COLLATE=utf8mb4_0900_ai_ci;
/*!40101 SET character_set_client = @saved_cs_client */;

--
-- Dumping data for table `category`
--

LOCK TABLES `category` WRITE;
/*!40000 ALTER TABLE `category` DISABLE KEYS */;
INSERT INTO `category` VALUES (1,'BOOKS'),(2,'GAMES'),(4,'electronics'),(5,'cloths');
/*!40000 ALTER TABLE `category` ENABLE KEYS */;
UNLOCK TABLES;

--
-- Table structure for table `customer`
--

DROP TABLE IF EXISTS `customer`;
/*!40101 SET @saved_cs_client     = @@character_set_client */;
/*!50503 SET character_set_client = utf8mb4 */;
CREATE TABLE `customer` (
  `CUS_ID` int NOT NULL,
  `CUS_NAME` varchar(20) NOT NULL,
  `CUS_PHONE` varchar(10) NOT NULL,
  `CUS_CITY` varchar(30) DEFAULT NULL,
  `CUS_GENDER` char(1) DEFAULT NULL,
  PRIMARY KEY (`CUS_ID`)
) ENGINE=InnoDB DEFAULT CHARSET=utf8mb4 COLLATE=utf8mb4_0900_ai_ci;
/*!40101 SET character_set_client = @saved_cs_client */;

--
-- Dumping data for table `customer`
--

LOCK TABLES `customer` WRITE;
/*!40000 ALTER TABLE `customer` DISABLE KEYS */;
INSERT INTO `customer` VALUES (1,'AKASH','999999999','delhi','M'),(2,'AMAN','9786555582','Noida','M'),(3,'NEHA','12655555','MUMBAI','F'),(4,'MEGHA','8098765544','KOLKATA','F'),(5,'Mina PULKII','9750745333','LUCKNOW','M');
/*!40000 ALTER TABLE `customer` ENABLE KEYS */;
UNLOCK TABLES;

--
-- Table structure for table `order`
--

DROP TABLE IF EXISTS `order`;
/*!40101 SET @saved_cs_client     = @@character_set_client */;
/*!50503 SET character_set_client = utf8mb4 */;
CREATE TABLE `order` (
  `ORDER_ID` int NOT NULL,
  `ORDER_AMOUNT` int NOT NULL,
  `ORDER_DATE` date DEFAULT NULL,
  `CUSTOMER_ID` int NOT NULL,
  `PRICING_ID` int NOT NULL,
  PRIMARY KEY (`ORDER_ID`),
  KEY `CUSTOMER_ID` (`CUSTOMER_ID`),
  KEY `PRICING_ID` (`PRICING_ID`),
  CONSTRAINT `order_ibfk_1` FOREIGN KEY (`CUSTOMER_ID`) REFERENCES `customer` (`CUS_ID`),
  CONSTRAINT `order_ibfk_2` FOREIGN KEY (`PRICING_ID`) REFERENCES `supplier_pricing` (`PRICING_ID`)
) ENGINE=InnoDB DEFAULT CHARSET=utf8mb4 COLLATE=utf8mb4_0900_ai_ci;
/*!40101 SET character_set_client = @saved_cs_client */;

--
-- Dumping data for table `order`
--

LOCK TABLES `order` WRITE;
/*!40000 ALTER TABLE `order` DISABLE KEYS */;
INSERT INTO `order` VALUES (101,1500,'2021-10-07',2,1),(103,30000,'2021-09-07',4,6);
/*!40000 ALTER TABLE `order` ENABLE KEYS */;
UNLOCK TABLES;

--
-- Table structure for table `orderR`
--

DROP TABLE IF EXISTS `orderR`;
/*!40101 SET @saved_cs_client     = @@character_set_client */;
/*!50503 SET character_set_client = utf8mb4 */;
CREATE TABLE `orderR` (
  `ORD_ID` int NOT NULL,
  `ORD_AMOUNT` int NOT NULL,
  `CUS_ID` int NOT NULL,
  `PRICING_ID` int NOT NULL,
  PRIMARY KEY (`ORD_ID`),
  KEY `CUS_ID` (`CUS_ID`),
  KEY `PRICING_ID` (`PRICING_ID`),
  CONSTRAINT `orderr_ibfk_1` FOREIGN KEY (`CUS_ID`) REFERENCES `customer` (`CUS_ID`),
  CONSTRAINT `orderr_ibfk_2` FOREIGN KEY (`PRICING_ID`) REFERENCES `supplier_pricing` (`PRICING_ID`)
) ENGINE=InnoDB DEFAULT CHARSET=utf8mb4 COLLATE=utf8mb4_0900_ai_ci;
/*!40101 SET character_set_client = @saved_cs_client */;

--
-- Dumping data for table `orderR`
--

LOCK TABLES `orderR` WRITE;
/*!40000 ALTER TABLE `orderR` DISABLE KEYS */;
INSERT INTO `orderR` VALUES (101,1500,2,1),(103,30000,4,6);
/*!40000 ALTER TABLE `orderR` ENABLE KEYS */;
UNLOCK TABLES;

--
-- Table structure for table `product`
--

DROP TABLE IF EXISTS `product`;
/*!40101 SET @saved_cs_client     = @@character_set_client */;
/*!50503 SET character_set_client = utf8mb4 */;
CREATE TABLE `product` (
  `PRO_ID` int NOT NULL,
  `PRO_NAME` varchar(20) NOT NULL DEFAULT 'Dummy',
  `PRO_DESC` varchar(60) DEFAULT NULL,
  `CAT_ID` int NOT NULL,
  PRIMARY KEY (`PRO_ID`),
  KEY `CAT_ID` (`CAT_ID`),
  CONSTRAINT `product_ibfk_1` FOREIGN KEY (`CAT_ID`) REFERENCES `CATEGORY` (`CAT_ID`)
) ENGINE=InnoDB DEFAULT CHARSET=utf8mb4 COLLATE=utf8mb4_0900_ai_ci;
/*!40101 SET character_set_client = @saved_cs_client */;

--
-- Dumping data for table `product`
--

LOCK TABLES `product` WRITE;
/*!40000 ALTER TABLE `product` DISABLE KEYS */;
INSERT INTO `product` VALUES (1,'GTA','Window',5),(2,'Tshirt','SIZE-L with black',4),(3,'Product Name','Product Description',1),(4,'OATS','HIGHLY NUTRITION',2),(5,'TRAINS','BY Shriraam stephen',1);
/*!40000 ALTER TABLE `product` ENABLE KEYS */;
UNLOCK TABLES;

--
-- Table structure for table `supplier`
--

DROP TABLE IF EXISTS `supplier`;
/*!40101 SET @saved_cs_client     = @@character_set_client */;
/*!50503 SET character_set_client = utf8mb4 */;
CREATE TABLE `supplier` (
  `SUPP_ID` int NOT NULL,
  `SUPP_NAME` varchar(50) NOT NULL,
  `SUPP_CITY` varchar(50) DEFAULT NULL,
  `SUPP_PHONE` varchar(10) NOT NULL,
  PRIMARY KEY (`SUPP_ID`)
) ENGINE=InnoDB DEFAULT CHARSET=utf8mb4 COLLATE=utf8mb4_0900_ai_ci;
/*!40101 SET character_set_client = @saved_cs_client */;

--
-- Dumping data for table `supplier`
--

LOCK TABLES `supplier` WRITE;
/*!40000 ALTER TABLE `supplier` DISABLE KEYS */;
INSERT INTO `supplier` VALUES (1,'Rajesh Retails','Delhi','9932306241'),(2,'Ruby Yadav','Mumbai','7586006241'),(3,'Ranjan Kumar','Noida','7908765543'),(4,'Raju','Asansol','567324199'),(5,'Mina devei','Bihar','578943127');
/*!40000 ALTER TABLE `supplier` ENABLE KEYS */;
UNLOCK TABLES;

--
-- Table structure for table `supplier_pricing`
--

DROP TABLE IF EXISTS `supplier_pricing`;
/*!40101 SET @saved_cs_client     = @@character_set_client */;
/*!50503 SET character_set_client = utf8mb4 */;
CREATE TABLE `supplier_pricing` (
  `PRICING_ID` int NOT NULL,
  `PRO_ID` int NOT NULL,
  `SUPP_ID` int NOT NULL,
  `SUPP_PRICE` int DEFAULT '0',
  PRIMARY KEY (`PRICING_ID`),
  KEY `PRO_ID` (`PRO_ID`),
  KEY `SUPP_ID` (`SUPP_ID`),
  CONSTRAINT `supplier_pricing_ibfk_1` FOREIGN KEY (`PRO_ID`) REFERENCES `PRODUCT` (`PRO_ID`),
  CONSTRAINT `supplier_pricing_ibfk_2` FOREIGN KEY (`SUPP_ID`) REFERENCES `SUPPLIER` (`SUPP_ID`)
) ENGINE=InnoDB DEFAULT CHARSET=utf8mb4 COLLATE=utf8mb4_0900_ai_ci;
/*!40101 SET character_set_client = @saved_cs_client */;

--
-- Dumping data for table `supplier_pricing`
--

LOCK TABLES `supplier_pricing` WRITE;
/*!40000 ALTER TABLE `supplier_pricing` DISABLE KEYS */;
INSERT INTO `supplier_pricing` VALUES (1,1,2,15000),(6,1,1,50),(7,2,2,30),(8,3,3,150),(9,4,4,10),(10,5,5,200);
/*!40000 ALTER TABLE `supplier_pricing` ENABLE KEYS */;
UNLOCK TABLES;
/*!40103 SET TIME_ZONE=@OLD_TIME_ZONE */;

/*!40101 SET SQL_MODE=@OLD_SQL_MODE */;
/*!40014 SET FOREIGN_KEY_CHECKS=@OLD_FOREIGN_KEY_CHECKS */;
/*!40014 SET UNIQUE_CHECKS=@OLD_UNIQUE_CHECKS */;
/*!40101 SET CHARACTER_SET_CLIENT=@OLD_CHARACTER_SET_CLIENT */;
/*!40101 SET CHARACTER_SET_RESULTS=@OLD_CHARACTER_SET_RESULTS */;
/*!40101 SET COLLATION_CONNECTION=@OLD_COLLATION_CONNECTION */;
/*!40111 SET SQL_NOTES=@OLD_SQL_NOTES */;

-- Dump completed on 2024-01-24 18:08:09
